track_id,frame,error,detail
0,17,dimension_drift,L: 3.83..5.47 m (30.0% > 5%)
0,7,dimension_drift,W: 1.94..2.39 m (18.8% > 5%)
0,38,dimension_drift,H: 2.92..3.24 m (9.9% > 5%)
0,1,position_jump,tam box nhay 3.2 m (dau hieu ID switch)
0,2,position_jump,tam box nhay 3.2 m (dau hieu ID switch)
0,3,position_jump,tam box nhay 3.2 m (dau hieu ID switch)
0,4,position_jump,tam box nhay 3.2 m (dau hieu ID switch)
0,5,position_jump,tam box nhay 3.3 m (dau hieu ID switch)
0,6,position_jump,tam box nhay 3.3 m (dau hieu ID switch)
0,7,position_jump,tam box nhay 3.3 m (dau hieu ID switch)
0,8,position_jump,tam box nhay 3.3 m (dau hieu ID switch)
0,9,position_jump,tam box nhay 3.3 m (dau hieu ID switch)
0,10,position_jump,tam box nhay 3.4 m (dau hieu ID switch)
0,11,position_jump,tam box nhay 3.4 m (dau hieu ID switch)
0,12,position_jump,tam box nhay 3.4 m (dau hieu ID switch)
0,13,position_jump,tam box nhay 3.4 m (dau hieu ID switch)
0,14,position_jump,tam box nhay 3.4 m (dau hieu ID switch)
0,15,position_jump,tam box nhay 3.5 m (dau hieu ID switch)
0,16,position_jump,tam box nhay 3.5 m (dau hieu ID switch)
0,17,position_jump,tam box nhay 3.5 m (dau hieu ID switch)
0,18,position_jump,tam box nhay 3.3 m (dau hieu ID switch)
0,19,position_jump,tam box nhay 3.6 m (dau hieu ID switch)
0,20,position_jump,tam box nhay 3.3 m (dau hieu ID switch)
0,21,position_jump,tam box nhay 3.7 m (dau hieu ID switch)
0,22,position_jump,tam box nhay 3.7 m (dau hieu ID switch)
0,23,position_jump,tam box nhay 3.7 m (dau hieu ID switch)
0,24,position_jump,tam box nhay 3.7 m (dau hieu ID switch)
0,25,position_jump,tam box nhay 3.8 m (dau hieu ID switch)
0,26,position_jump,tam box nhay 3.8 m (dau hieu ID switch)
0,27,position_jump,tam box nhay 3.8 m (dau hieu ID switch)
0,28,position_jump,tam box nhay 3.8 m (dau hieu ID switch)
0,29,position_jump,tam box nhay 3.8 m (dau hieu ID switch)
0,30,position_jump,tam box nhay 3.8 m (dau hieu ID switch)
0,31,position_jump,tam box nhay 3.8 m (dau hieu ID switch)
0,32,position_jump,tam box nhay 3.8 m (dau hieu ID switch)
0,33,position_jump,tam box nhay 3.8 m (dau hieu ID switch)
0,34,position_jump,tam box nhay 3.8 m (dau hieu ID switch)
0,35,position_jump,tam box nhay 3.6 m (dau hieu ID switch)
0,36,position_jump,tam box nhay 3.8 m (dau hieu ID switch)
0,37,position_jump,tam box nhay 3.6 m (dau hieu ID switch)
0,38,position_jump,tam box nhay 3.8 m (dau hieu ID switch)
0,39,position_jump,tam box nhay 3.9 m (dau hieu ID switch)
